ltv_band,avg_upb,avg_delinquency
80–95%,284526.79157679854,1.0171681329574163
<80%,163274.21525377184,1.018017974521421
>95%,162543.24940417832,1.01894364994646
