merchant_category_code,total_spend
5812,62744605.049999446
5732,62726841.37999989
5999,62635939.0199999
5411,62379682.349999696
