customer_city,total_spend
Houston,17048006.820000034
New York,16895537.819999997
Rome,16875070.780000053
Chicago,16874133.330000028
Kolkata,16857890.70000001
Delhi,16834328.20999994
Mumbai,16760605.080000041
Berlin,16755647.499999987
Los Angeles,16722784.280000009
Vienna,16695427.080000022
Bangalore,16601983.970000027
Miami,16456982.079999961
Chennai,16442581.320000025
Paris,16399611.169999966
Madrid,16266477.659999909
