age_bucket,delinquency_rate
5+ Years,98.63088427241848
0–1 Year,99.85855131537083
1–5 Years,99.15883074502204
