property_type,total_taxes_insurance
99,-6497.68
CP,-664610.57
MH,-30503278.26999999
CO,-236425524.57000038
PU,-511020670.94999814
SF,-3057344047.3899813
