zero_balance_code,avg_loss
01,0.0
02,-51845.24802013104
03,-69167.5377903889
09,-63477.21328765939
15,-74930.95206720475
96,0.0
