current_loan_delinquency_status,avg_loss
X,-746.91299511076
0,-0.13727017757745094
1,-0.6188284183577386
2,-10.091388862694998
3,-40.273086983866584
RA,-7485.005924118002
