age_bucket,avg_delinquency,avg_ltv
5+ Years,1.0249473032821321,64.93033126835066
0–1 Year,1.0100340189660406,51.189598921331694
1–5 Years,1.01751747243626,46.18541119551625
