modification_flag,delinquency_rate_after_mod
N,99.27250063626832
Y,97.37652195361024
P,89.80291643322822
