modification_flag,loan_count,total_upb,avg_ltv
N,2615637889,435003474839289,51.95298837483693
Y,624362,123806223184,64.28768566953146
P,32292596,5748409942761,83.16059925934725
