merchant_name,total_spend
Smith Ltd,360737.97
Smith Inc,333031.5499999998
Smith Group,313797.09
Johnson and Sons,307785.04999999993
Smith PLC,297876.0399999999
Smith and Sons,292845.4099999999
Williams Ltd,249839.61000000002
Johnson PLC,244043.56000000006
Smith LLC,238706.13999999998
Johnson LLC,231574.18999999994
