ltv_bucket,loan_count,total_exposure,avg_delinquency
High (>95%),98137582,15951601466949,1.01894364994646
Low (<80%),2480260306,404962555087230,1.018017974521421
Medium (80–95%),70156959,19961534451055,1.0171681329574163
