property_type,avg_original_interest_rate
PU,4.486252949055199
SF,4.975439415265207
MH,5.476897634947908
CP,5.052811219462479
CO,4.924388542905395
99,6.816926185344828
